Brand,Segment,Initial_Sales,Margin,New Sales,New Trend %,New Contribution %,Margin $
Balmain,Fragrance,2734489,50,0.0,-100.0,0.0,0.0
Balmain,Fragrance,1739911,33,0.0,-100.0,0.0,0.0
Frederic Malle,Bronzer,3844769,59,0.0,-100.0,0.0,0.0
Frederic Malle,Fragrance,1417040,41,0.0,-100.0,0.0,0.0
Bobbi Brown,Bronzer,2000942,45,1041496.9,-47.949670705097894,7.000000067210954,468673.60500000004
Bobbi Brown,Bronzer,2928388,54,1041496.9,-64.43446360250077,7.000000067210954,562408.326
Kilian,Mascara,3916664,33,0.0,-100.0,0.0,0.0
Kilian,Mascara,2325665,50,0.0,-100.0,0.0,0.0
Aveda,Toner,2370928,43,0.0,-100.0,0.0,0.0
Frederic Malle,Mascara,771836,33,0.0,-100.0,0.0,0.0
Bobbi Brown,Mascara,1771741,39,0.0,-100.0,0.0,0.0
Kilian,Fragrance,3204238,45,0.0,-100.0,0.0,0.0
Kilian,Bronzer,3113740,57,0.0,-100.0,0.0,0.0
Kilian,Lipstick,3765879,36,0.0,-100.0,0.0,0.0
Balmain,Lipstick,2611138,37,0.0,-100.0,0.0,0.0
Aveda,Mascara,3448089,36,0.0,-100.0,0.0,0.0
Bobbi Brown,Mascara,2370230,30,2441336.9,2.999999999999996,16.408458310422798,732401.07
Balmain,Bronzer,2621690,37,0.0,-100.0,0.0,0.0
Aveda,Toner,4908324,30,0.0,-100.0,0.0,0.0
Kilian,Mascara,2516716,39,0.0,-100.0,0.0,0.0
Bobbi Brown,Fragrance,3332868,33,1041496.9,-68.75073060199203,7.000000067210954,343693.977
Balmain,Fragrance,3970495,33,0.0,-100.0,0.0,0.0
Elizabeth Arden,Bronzer,3557213,31,-9248911.4,-360.0044304347252,6.000000129745002,-2867162.534
Bobbi Brown,Bronzer,2623091,41,1041496.9,-60.295052668778936,7.000000067210954,427013.729
Frederic Malle,Bronzer,2984413,54,0.0,-100.0,0.0,0.0
Balmain,Lipstick,4822252,49,0.0,-100.0,0.0,0.0
Kilian,Fragrance,3612754,30,0.0,-100.0,0.0,0.0
Elizabeth Arden,Lipstick,1996176,49,1996176.0,0.0,-1.2949692932504313,978126.24
Bobbi Brown,Bronzer,4759622,59,1041496.9,-78.11807534295791,7.000000067210954,614483.171
Aveda,Lipstick,1313168,53,0.0,-100.0,0.0,0.0
Elizabeth Arden,Fragrance,4872093,30,-9248911.4,-289.8344592354867,6.000000129745002,-2774673.42
Frederic Malle,Bronzer,2706903,52,0.0,-100.0,0.0,0.0
Bobbi Brown,Mascara,2161909,35,1041496.9,-51.82512769963954,7.000000067210954,364523.915
Kilian,Bronzer,4673125,56,0.0,-100.0,0.0,0.0
Bobbi Brown,Toner,4635314,33,1041496.9,-77.53125462482153,7.000000067210954,343693.977
Bobbi Brown,Bronzer,571295,38,1041496.9,82.30457119351648,7.000000067210954,395768.822
Balmain,Bronzer,1325816,54,0.0,-100.0,0.0,0.0
Balmain,Bronzer,4004473,45,0.0,-100.0,0.0,0.0
Kilian,Mascara,2972189,30,0.0,-100.0,0.0,0.0
Kilian,Lipstick,4614639,32,0.0,-100.0,0.0,0.0
Bobbi Brown,Toner,1291971,46,1330730.1,2.9999976779664634,8.94396400934044,612135.846
Elizabeth Arden,Toner,3421944,45,-9248911.4,-370.2823716577478,6.000000129745002,-4162010.1300000004
Frederic Malle,Mascara,2600021,31,0.0,-100.0,0.0,0.0
Kilian,Bronzer,2635619,30,0.0,-100.0,0.0,0.0
Bobbi Brown,Toner,4801754,46,1041496.9,-78.31007377720725,7.000000067210954,479088.574
Balmain,Toner,2514484,56,0.0,-100.0,0.0,0.0
Kilian,Fragrance,4272962,57,0.0,-100.0,0.0,0.0
Bobbi Brown,Bronzer,3951356,59,1041496.9,-73.64203832810813,7.000000067210954,614483.171
Bobbi Brown,Lipstick,3009079,34,1041496.9,-65.38818356048479,7.000000067210954,354108.94600000005
Balmain,Bronzer,4835868,30,0.0,-100.0,0.0,0.0
Balmain,Mascara,1188105,54,0.0,-100.0,0.0,0.0
Balmain,Mascara,1605534,44,0.0,-100.0,0.0,0.0
Frederic Malle,Lipstick,998863,37,0.0,-100.0,0.0,0.0
Frederic Malle,Toner,1297079,47,0.0,-100.0,0.0,0.0
Kilian,Bronzer,4428083,42,0.0,-100.0,0.0,0.0
Balmain,Bronzer,1496161,31,0.0,-100.0,0.0,0.0
Kilian,Mascara,4979125,60,0.0,-100.0,0.0,0.0
Bobbi Brown,Mascara,2781230,35,2864666.9,2.999999999999997,19.253699643788664,1002633.4149999999
Aveda,Lipstick,2485588,37,0.0,-100.0,0.0,0.0
Elizabeth Arden,Fragrance,1760386,49,-9248911.4,-625.3911017242809,6.000000129745002,-4531966.586
Aveda,Mascara,3467197,57,0.0,-100.0,0.0,0.0
Bobbi Brown,Mascara,4195961,52,1041496.9,-75.17858483432043,7.000000067210954,541578.388
Elizabeth Arden,Lipstick,3720468,41,-9248911.4,-348.59537563553835,6.000000129745002,-3792053.674
Kilian,Mascara,1029525,59,0.0,-100.0,0.0,0.0
Aveda,Lipstick,4199391,45,0.0,-100.0,0.0,0.0
Balmain,Bronzer,2664367,55,0.0,-100.0,0.0,0.0
Aveda,Bronzer,2248014,34,0.0,-100.0,0.0,0.0
Aveda,Bronzer,1264121,45,0.0,-100.0,0.0,0.0
Bobbi Brown,Lipstick,1607677,59,1041496.9,-35.21727934155928,7.000000067210954,614483.171
Frederic Malle,Fragrance,2141249,33,0.0,-100.0,0.0,0.0
Balmain,Mascara,1852695,30,0.0,-100.0,0.0,0.0
Frederic Malle,Lipstick,3837690,57,0.0,-100.0,0.0,0.0
Kilian,Lipstick,3484626,58,0.0,-100.0,0.0,0.0
Balmain,Lipstick,2555723,30,0.0,-100.0,0.0,0.0
Elizabeth Arden,Mascara,3476242,58,-9248911.4,-366.0606309917434,6.000000129745002,-5364368.612
Frederic Malle,Fragrance,3853597,55,0.0,-100.0,0.0,0.0
Bobbi Brown,Mascara,3422097,50,1041496.9,-69.56553540124666,7.000000067210954,520748.45
Bobbi Brown,Lipstick,3865884,50,1041496.9,-73.05928217194308,7.000000067210954,520748.45
Aveda,Lipstick,1333727,53,0.0,-100.0,0.0,0.0
Bobbi Brown,Mascara,4890886,46,1041496.9,-78.70535318140722,7.000000067210954,479088.574
Bobbi Brown,Lipstick,4241196,52,1041496.9,-75.44332070482007,7.000000067210954,541578.388
Kilian,Lipstick,2507635,46,0.0,-100.0,0.0,0.0
Balmain,Toner,3725187,46,0.0,-100.0,0.0,0.0
Bobbi Brown,Lipstick,4121581,36,1041496.9,-74.7306458371193,7.000000067210954,374938.884
Balmain,Mascara,1539458,44,0.0,-100.0,0.0,0.0
Aveda,Bronzer,2919862,50,0.0,-100.0,0.0,0.0
Aveda,Mascara,4443334,55,0.0,-100.0,0.0,0.0
Aveda,Toner,4768764,52,0.0,-100.0,0.0,0.0
Bobbi Brown,Lipstick,4908249,39,5055496.5,3.0000006112159348,33.978474482050544,1971643.635
Frederic Malle,Lipstick,1017313,47,0.0,-100.0,0.0,0.0
Elizabeth Arden,Toner,1786643,37,-9248911.4,-617.6698086858987,6.000000129745002,-3422097.218
Aveda,Bronzer,4942987,33,0.0,-100.0,0.0,0.0
Frederic Malle,Mascara,4185501,48,0.0,-100.0,0.0,0.0
Frederic Malle,Bronzer,3676083,59,0.0,-100.0,0.0,0.0
Kilian,Toner,2887312,42,0.0,-100.0,0.0,0.0
Elizabeth Arden,Fragrance,2371403,35,2371403.0,0.0,-1.5383884321432344,829991.0499999999
Aveda,Fragrance,2034837,45,0.0,-100.0,0.0,0.0
Aveda,Bronzer,923570,32,0.0,-100.0,0.0,0.0
Kilian,Lipstick,1917077,50,0.0,-100.0,0.0,0.0
Balmain,Bronzer,2985195,39,0.0,-100.0,0.0,0.0
Bobbi Brown,Bronzer,4275803,55,1041496.9,-75.64207471672573,7.000000067210954,572823.295
Aveda,Lipstick,997562,33,0.0,-100.0,0.0,0.0
Kilian,Lipstick,2679996,50,0.0,-100.0,0.0,0.0
Aveda,Mascara,1075278,48,0.0,-100.0,0.0,0.0
Elizabeth Arden,Mascara,1774732,56,1774732.0,0.0,-1.1513130323923966,993849.92
Elizabeth Arden,Lipstick,4571647,47,-9248911.4,-302.31027023740023,6.000000129745002,-4346988.358
Aveda,Mascara,2266616,60,0.0,-100.0,0.0,0.0
Kilian,Fragrance,3751298,30,0.0,-100.0,0.0,0.0
Elizabeth Arden,Bronzer,2832517,46,-9248911.4,-426.5262450322452,6.000000129745002,-4254499.244
Aveda,Fragrance,663273,39,0.0,-100.0,0.0,0.0
Elizabeth Arden,Lipstick,4477266,43,-9248911.4,-306.57498124971806,6.000000129745002,-3977031.9020000002
Elizabeth Arden,Lipstick,4540479,46,-9248911.4,-303.6990238254598,6.000000129745002,-4254499.244
Frederic Malle,Mascara,4082069,51,0.0,-100.0,0.0,0.0
Bobbi Brown,Lipstick,2179748,51,1041496.9,-52.21938958081394,7.000000067210954,531163.419
Kilian,Lipstick,3136694,45,0.0,-100.0,0.0,0.0
Elizabeth Arden,Mascara,815826,40,815826.0,0.0,-0.5292467290636329,326330.4
Frederic Malle,Mascara,1050222,31,0.0,-100.0,0.0,0.0
Bobbi Brown,Lipstick,2432247,35,1041496.9,-57.17964088351225,7.000000067210954,364523.915
Balmain,Lipstick,3030179,34,0.0,-100.0,0.0,0.0
Frederic Malle,Lipstick,1150199,57,0.0,-100.0,0.0,0.0
Frederic Malle,Fragrance,3026954,59,0.0,-100.0,0.0,0.0
Balmain,Lipstick,3857519,52,0.0,-100.0,0.0,0.0
Bobbi Brown,Lipstick,2450367,32,2523878.0,2.999999591897867,16.96322492139175,807640.96
Balmain,Toner,4650276,50,0.0,-100.0,0.0,0.0
Aveda,Fragrance,2745131,35,0.0,-100.0,0.0,0.0
Kilian,Mascara,1572200,42,0.0,-100.0,0.0,0.0
Elizabeth Arden,Toner,1929551,60,-9248911.4,-579.3297197119953,6.000000129745002,-5549346.84
Bobbi Brown,Lipstick,1414032,37,1041496.9,-26.34559189608156,7.000000067210954,385353.853
Elizabeth Arden,Mascara,567661,57,567661.0,0.0,-0.3682558872443278,323566.76999999996
Elizabeth Arden,Toner,1807506,53,-9248911.4,-611.6946444437806,6.000000129745002,-4901923.042
Bobbi Brown,Fragrance,1130265,47,1041496.9,-7.853742263982339,7.000000067210954,489503.543
Kilian,Fragrance,2819049,57,0.0,-100.0,0.0,0.0
Elizabeth Arden,Mascara,3169355,59,-9248911.4,-391.82314382579426,6.000000129745002,-5456857.726
Bobbi Brown,Lipstick,967010,33,1041496.9,7.702805555268304,7.000000067210954,343693.977
Bobbi Brown,Mascara,3068103,44,1041496.9,-66.05404381795526,7.000000067210954,458258.636
Frederic Malle,Lipstick,1072735,34,0.0,-100.0,0.0,0.0
Aveda,Fragrance,4359744,54,0.0,-100.0,0.0,0.0
Elizabeth Arden,Bronzer,4881514,59,-9248911.4,-289.4680912520173,6.000000129745002,-5456857.726
Balmain,Toner,1533255,60,0.0,-100.0,0.0,0.0
Bobbi Brown,Bronzer,1671459,40,1041496.9,-37.68935403141806,7.000000067210954,416598.76
Elizabeth Arden,Toner,1025134,59,1025134.0,0.0,-0.6650300632143598,604829.0599999999
Balmain,Fragrance,564323,41,0.0,-100.0,0.0,0.0
Bobbi Brown,Lipstick,1354016,41,1041496.9,-23.080901555077634,7.000000067210954,427013.729
Elizabeth Arden,Toner,3383427,60,-9248911.4,-373.3592715314975,6.000000129745002,-5549346.84
Kilian,Mascara,4257974,53,0.0,-100.0,0.0,0.0
Aveda,Mascara,3654240,49,0.0,-100.0,0.0,0.0
Kilian,Lipstick,2690222,40,0.0,-100.0,0.0,0.0
Elizabeth Arden,Lipstick,2824797,34,-9248911.4,-427.4186215859051,6.000000129745002,-3144629.876
Balmain,Lipstick,1884418,31,0.0,-100.0,0.0,0.0
Aveda,Toner,2655748,38,0.0,-100.0,0.0,0.0
Aveda,Fragrance,4563309,34,0.0,-100.0,0.0,0.0
Kilian,Fragrance,1329735,39,0.0,-100.0,0.0,0.0
Aveda,Lipstick,3795374,52,0.0,-100.0,0.0,0.0
Kilian,Mascara,1414228,43,0.0,-100.0,0.0,0.0
Elizabeth Arden,Toner,845266,36,845266.0,0.0,-0.5483451933239449,304295.76
Aveda,Lipstick,4302010,49,0.0,-100.0,0.0,0.0
Kilian,Fragrance,2861632,34,0.0,-100.0,0.0,0.0
Frederic Malle,Fragrance,3631209,56,0.0,-100.0,0.0,0.0
Bobbi Brown,Fragrance,2399443,53,1041496.9,-56.594222075706746,7.000000067210954,551993.3570000001
Aveda,Bronzer,2207692,41,0.0,-100.0,0.0,0.0
Balmain,Bronzer,3192755,33,0.0,-100.0,0.0,0.0
Elizabeth Arden,Mascara,4827819,43,-9248911.4,-291.5753552484051,6.000000129745002,-3977031.9020000002
Kilian,Lipstick,4924507,44,0.0,-100.0,0.0,0.0
Bobbi Brown,Bronzer,3181719,34,0.0,-100.0,0.0,0.0
Kilian,Bronzer,2914472,60,0.0,-100.0,0.0,0.0
Elizabeth Arden,Lipstick,2776106,51,2776106.0,0.0,-1.8009293893966674,1415814.06
Aveda,Mascara,3824323,43,0.0,-100.0,0.0,0.0
Kilian,Toner,2529454,37,0.0,-100.0,0.0,0.0
Aveda,Lipstick,1011411,39,0.0,-100.0,0.0,0.0
Kilian,Toner,2398739,60,0.0,-100.0,0.0,0.0
Elizabeth Arden,Mascara,2081530,36,-9248911.4,-544.3323612919344,6.000000129745002,-3329608.104
Balmain,Toner,3249178,41,0.0,-100.0,0.0,0.0
Bobbi Brown,Fragrance,4478400,53,4612752.0,3.0,31.00274644123037,2444758.56
Elizabeth Arden,Mascara,1795302,57,-9248911.4,-615.1730126741908,6.000000129745002,-5271879.498
Kilian,Bronzer,3852252,51,0.0,-100.0,0.0,0.0
Aveda,Toner,4596951,56,0.0,-100.0,0.0,0.0
Kilian,Fragrance,3194287,58,0.0,-100.0,0.0,0.0
Elizabeth Arden,Toner,1805585,44,1805585.0,0.0,-1.1713281450902027,794457.4
Kilian,Mascara,4995013,59,0.0,-100.0,0.0,0.0
Kilian,Fragrance,3948678,52,0.0,-100.0,0.0,0.0
Frederic Malle,Toner,2780827,43,0.0,-100.0,0.0,0.0
Frederic Malle,Fragrance,4543064,37,0.0,-100.0,0.0,0.0
Aveda,Lipstick,3980130,44,0.0,-100.0,0.0,0.0
Frederic Malle,Toner,1478039,53,0.0,-100.0,0.0,0.0
Bobbi Brown,Fragrance,1111213,51,0.0,-100.0,0.0,0.0
Frederic Malle,Lipstick,2526580,52,0.0,-100.0,0.0,0.0
Balmain,Bronzer,4026737,58,0.0,-100.0,0.0,0.0
Bobbi Brown,Toner,4316446,39,0.0,-100.0,0.0,0.0
Bobbi Brown,Fragrance,2205215,34,0.0,-100.0,0.0,0.0
Aveda,Bronzer,2483851,32,0.0,-100.0,0.0,0.0
Elizabeth Arden,Lipstick,4730258,47,4730258.0,0.0,-3.0686366628755177,2223221.26
Frederic Malle,Fragrance,822918,54,0.0,-100.0,0.0,0.0
Elizabeth Arden,Bronzer,1786585,55,1786585.0,0.0,-1.1590023699222023,982621.7500000001
Aveda,Toner,1514929,35,0.0,-100.0,0.0,0.0
Kilian,Mascara,4585412,46,0.0,-100.0,0.0,0.0
Bobbi Brown,Fragrance,1216756,39,1041496.9,-14.403799940168774,7.000000067210954,406183.791
Frederic Malle,Bronzer,4684056,42,0.0,-100.0,0.0,0.0
Aveda,Lipstick,863476,55,0.0,-100.0,0.0,0.0
Bobbi Brown,Toner,3796050,30,0.0,-100.0,0.0,0.0
Frederic Malle,Fragrance,1376031,50,0.0,-100.0,0.0,0.0
Elizabeth Arden,Mascara,4631479,52,4631479.0,0.0,-3.0045562552271017,2408369.08
Kilian,Mascara,3851278,33,0.0,-100.0,0.0,0.0
Balmain,Lipstick,1179418,59,0.0,-100.0,0.0,0.0
Kilian,Mascara,3221864,31,0.0,-100.0,0.0,0.0
Kilian,Lipstick,4375754,58,0.0,-100.0,0.0,0.0
Balmain,Mascara,2158987,34,0.0,-100.0,0.0,0.0
Bobbi Brown,Toner,3891418,34,1041496.9,-73.23605688209285,7.000000067210954,354108.94600000005
Kilian,Mascara,3477590,54,0.0,-100.0,0.0,0.0
Elizabeth Arden,Toner,1691902,37,1691902.0,0.0,-1.0975791399100037,626003.74
Elizabeth Arden,Lipstick,1275435,47,-9248911.4,-825.157409040837,6.000000129745002,-4346988.358
Kilian,Fragrance,2064718,55,0.0,-100.0,0.0,0.0
Frederic Malle,Fragrance,2024102,51,0.0,-100.0,0.0,0.0
Kilian,Toner,704615,45,0.0,-100.0,0.0,0.0
Frederic Malle,Bronzer,781570,36,0.0,-100.0,0.0,0.0
Kilian,Toner,3047500,41,0.0,-100.0,0.0,0.0
Balmain,Mascara,1309942,52,0.0,-100.0,0.0,0.0
Bobbi Brown,Fragrance,2188472,51,2254126.2,3.0000018277592853,15.150197328001624,1149604.3620000002
Aveda,Mascara,2808989,41,0.0,-100.0,0.0,0.0
Frederic Malle,Mascara,1520154,59,0.0,-100.0,0.0,0.0
Frederic Malle,Toner,3303696,56,0.0,-100.0,0.0,0.0
Bobbi Brown,Lipstick,3206871,45,0.0,-100.0,0.0,0.0
Elizabeth Arden,Lipstick,4944499,60,-9248911.4,-287.05457115068685,6.000000129745002,-5549346.84
Balmain,Fragrance,1049239,43,0.0,-100.0,0.0,0.0
Frederic Malle,Fragrance,1770464,54,0.0,-100.0,0.0,0.0
Kilian,Lipstick,3688729,53,0.0,-100.0,0.0,0.0
Balmain,Bronzer,1410775,35,0.0,-100.0,0.0,0.0
Elizabeth Arden,Fragrance,4873656,31,-9248911.4,-289.77357860300356,6.000000129745002,-2867162.534
Balmain,Bronzer,931413,58,0.0,-100.0,0.0,0.0
Elizabeth Arden,Mascara,3707393,40,3707393.0,0.0,-2.4050785567062207,1482957.2000000002
Kilian,Mascara,645271,32,0.0,-100.0,0.0,0.0
Elizabeth Arden,Lipstick,576898,38,576898.0,0.0,-0.37424816015100243,219221.24
Balmain,Mascara,2329553,32,0.0,-100.0,0.0,0.0
Balmain,Toner,2175843,35,0.0,-100.0,0.0,0.0
Balmain,Lipstick,3114235,53,0.0,-100.0,0.0,0.0
Kilian,Mascara,1642953,41,0.0,-100.0,0.0,0.0
Aveda,Toner,1105409,56,0.0,-100.0,0.0,0.0
Aveda,Mascara,4657893,47,0.0,-100.0,0.0,0.0
Bobbi Brown,Fragrance,4666769,42,0.0,-100.0,0.0,0.0
Balmain,Mascara,1156951,32,0.0,-100.0,0.0,0.0
Aveda,Fragrance,2866610,30,0.0,-100.0,0.0,0.0
Kilian,Fragrance,2255692,40,0.0,-100.0,0.0,0.0
Bobbi Brown,Toner,2226470,35,1041496.9,-53.2220555408337,7.000000067210954,364523.915
Frederic Malle,Lipstick,1209662,48,0.0,-100.0,0.0,0.0
Balmain,Fragrance,2639686,59,0.0,-100.0,0.0,0.0
Frederic Malle,Fragrance,4261675,58,0.0,-100.0,0.0,0.0
Elizabeth Arden,Toner,4598064,46,4598064.0,0.0,-2.9828791090566424,2115109.44
Aveda,Toner,1100530,45,0.0,-100.0,0.0,0.0
Kilian,Mascara,2164221,60,0.0,-100.0,0.0,0.0
Bobbi Brown,Bronzer,638563,47,657719.89,3.000000000000002,4.420598154642593,309128.3483
Bobbi Brown,Lipstick,4441237,39,0.0,-100.0,0.0,0.0
Balmain,Mascara,4076511,47,0.0,-100.0,0.0,0.0
Bobbi Brown,Toner,3273939,32,0.0,-100.0,0.0,0.0
Balmain,Lipstick,3677326,35,0.0,-100.0,0.0,0.0
Balmain,Mascara,3034937,52,0.0,-100.0,0.0,0.0
Aveda,Bronzer,3210626,46,0.0,-100.0,0.0,0.0
Aveda,Toner,944191,49,0.0,-100.0,0.0,0.0
Elizabeth Arden,Toner,4222946,56,-9248911.4,-319.01562084857346,6.000000129745002,-5179390.384000001
Bobbi Brown,Fragrance,1910706,50,0.0,-100.0,0.0,0.0
Balmain,Lipstick,1419484,55,0.0,-100.0,0.0,0.0
Kilian,Bronzer,4061963,47,0.0,-100.0,0.0,0.0
Elizabeth Arden,Lipstick,2942266,46,2942266.0,0.0,-1.9087215368658748,1353442.36
Balmain,Fragrance,4477019,41,0.0,-100.0,0.0,0.0
Elizabeth Arden,Lipstick,1018349,59,-9248911.4,-1008.2260993038732,6.000000129745002,-5456857.726
Bobbi Brown,Bronzer,4497615,38,0.0,-100.0,0.0,0.0
Aveda,Mascara,1109996,53,0.0,-100.0,0.0,0.0
Frederic Malle,Mascara,888590,43,0.0,-100.0,0.0,0.0
Aveda,Lipstick,2879877,30,0.0,-100.0,0.0,0.0
Elizabeth Arden,Toner,1936536,53,-9248911.4,-577.6007985392474,6.000000129745002,-4901923.042
Bobbi Brown,Lipstick,2278599,39,0.0,-100.0,0.0,0.0
Frederic Malle,Lipstick,4870380,30,0.0,-100.0,0.0,0.0
Bobbi Brown,Mascara,4382149,51,0.0,-100.0,0.0,0.0
Frederic Malle,Mascara,2491083,39,0.0,-100.0,0.0,0.0
Aveda,Toner,1943717,56,0.0,-100.0,0.0,0.0
Kilian,Mascara,864359,41,0.0,-100.0,0.0,0.0
Elizabeth Arden,Toner,657702,60,-9248911.4,-1506.2465067766252,6.000000129745002,-5549346.84
Elizabeth Arden,Mascara,2368670,51,2368670.0,0.0,-1.5366154666940688,1208021.7
Bobbi Brown,Mascara,1432817,43,1475801.5,2.9999993020741655,9.919002734612102,634594.645
Aveda,Lipstick,2680338,42,0.0,-100.0,0.0,0.0
Aveda,Fragrance,764500,52,0.0,-100.0,0.0,0.0
Bobbi Brown,Mascara,2440369,35,0.0,-100.0,0.0,0.0
Kilian,Toner,1890281,32,0.0,-100.0,0.0,0.0
Aveda,Lipstick,2068560,36,0.0,-100.0,0.0,0.0
Aveda,Bronzer,1495843,34,0.0,-100.0,0.0,0.0
Frederic Malle,Lipstick,2863999,48,0.0,-100.0,0.0,0.0
Aveda,Mascara,2116449,33,0.0,-100.0,0.0,0.0
Elizabeth Arden,Mascara,2877074,48,-9248911.4,-421.4693608853995,6.000000129745002,-4439477.472
Bobbi Brown,Toner,4662065,42,0.0,-100.0,0.0,0.0
Balmain,Mascara,4852099,37,0.0,-100.0,0.0,0.0
Bobbi Brown,Mascara,4459076,52,0.0,-100.0,0.0,0.0
Kilian,Bronzer,2698611,58,0.0,-100.0,0.0,0.0
Balmain,Lipstick,3113275,54,0.0,-100.0,0.0,0.0
Aveda,Lipstick,561367,37,0.0,-100.0,0.0,0.0
Frederic Malle,Toner,3984239,51,0.0,-100.0,0.0,0.0
Bobbi Brown,Lipstick,1423780,30,1466493.4,2.9999999999999933,9.856442106130531,439948.01999999996
Kilian,Bronzer,798090,57,0.0,-100.0,0.0,0.0
Bobbi Brown,Fragrance,2305808,46,0.0,-100.0,0.0,0.0
Balmain,Fragrance,1437841,49,0.0,-100.0,0.0,0.0
Aveda,Bronzer,1707068,55,0.0,-100.0,0.0,0.0
Elizabeth Arden,Fragrance,3355994,50,3355994.0,0.0,-2.177117237324108,1677997.0
Balmain,Bronzer,4342323,39,0.0,-100.0,0.0,0.0
Balmain,Mascara,2424401,54,0.0,-100.0,0.0,0.0
Frederic Malle,Bronzer,4706419,35,0.0,-100.0,0.0,0.0
Bobbi Brown,Mascara,2548891,39,0.0,-100.0,0.0,0.0
Aveda,Lipstick,3622951,52,0.0,-100.0,0.0,0.0
Elizabeth Arden,Mascara,1464918,30,1464918.0,0.0,-0.9503289425029834,439475.39999999997
Frederic Malle,Mascara,3333552,47,0.0,-100.0,0.0,0.0
Bobbi Brown,Toner,3027576,37,0.0,-100.0,0.0,0.0
Kilian,Toner,3430639,60,0.0,-100.0,0.0,0.0
Kilian,Mascara,3127144,59,0.0,-100.0,0.0,0.0
Aveda,Lipstick,3119980,50,0.0,-100.0,0.0,0.0
Bobbi Brown,Mascara,4199181,58,4325156.4,2.9999992855749817,29.069788964996334,2508590.712
Frederic Malle,Fragrance,3890742,38,0.0,-100.0,0.0,0.0
Kilian,Lipstick,2076590,50,0.0,-100.0,0.0,0.0
Aveda,Toner,3860160,57,0.0,-100.0,0.0,0.0
Balmain,Bronzer,4495609,35,0.0,-100.0,0.0,0.0
Frederic Malle,Lipstick,725049,32,0.0,-100.0,0.0,0.0
Aveda,Fragrance,2880932,55,0.0,-100.0,0.0,0.0
Bobbi Brown,Bronzer,3017334,44,0.0,-100.0,0.0,0.0
Bobbi Brown,Toner,3310860,40,0.0,-100.0,0.0,0.0
Aveda,Bronzer,2201667,44,0.0,-100.0,0.0,0.0
Aveda,Fragrance,1857133,51,0.0,-100.0,0.0,0.0
Bobbi Brown,Toner,1752078,58,0.0,-100.0,0.0,0.0
Bobbi Brown,Mascara,1198956,31,0.0,-100.0,0.0,0.0
Bobbi Brown,Mascara,4757950,36,4900688.5,3.0,32.93799513890051,1764247.8599999999
Frederic Malle,Fragrance,655683,39,0.0,-100.0,0.0,0.0
Bobbi Brown,Fragrance,4692814,39,0.0,-100.0,0.0,0.0
Elizabeth Arden,Bronzer,3829049,38,3829049.0,0.0,-2.483999846381918,1455038.62
Frederic Malle,Lipstick,2275767,58,0.0,-100.0,0.0,0.0
Aveda,Bronzer,1997618,47,0.0,-100.0,0.0,0.0
Frederic Malle,Toner,3058944,33,0.0,-100.0,0.0,0.0
Kilian,Toner,1512384,41,0.0,-100.0,0.0,0.0
Elizabeth Arden,Fragrance,4900072,44,4900072.0,0.0,-3.178799251527034,2156031.68
Kilian,Lipstick,757681,31,0.0,-100.0,0.0,0.0
Kilian,Lipstick,4887814,40,0.0,-100.0,0.0,0.0
Frederic Malle,Mascara,3758084,36,0.0,-100.0,0.0,0.0
Kilian,Lipstick,4810796,56,0.0,-100.0,0.0,0.0
Bobbi Brown,Fragrance,4577716,41,0.0,-100.0,0.0,0.0
Balmain,Bronzer,4668962,58,0.0,-100.0,0.0,0.0
Bobbi Brown,Mascara,1280641,35,0.0,-100.0,0.0,0.0
Elizabeth Arden,Bronzer,3051331,55,-9248911.4,-403.1107211901953,6.000000129745002,-5086901.2700000005
Kilian,Mascara,3996605,59,0.0,-100.0,0.0,0.0
Kilian,Bronzer,2768115,37,0.0,-100.0,0.0,0.0
Bobbi Brown,Toner,2626453,37,0.0,-100.0,0.0,0.0
Kilian,Lipstick,2814181,59,0.0,-100.0,0.0,0.0
Aveda,Bronzer,3115804,35,0.0,-100.0,0.0,0.0
Frederic Malle,Fragrance,715400,31,0.0,-100.0,0.0,0.0
Kilian,Lipstick,4094058,30,0.0,-100.0,0.0,0.0
Bobbi Brown,Mascara,4235466,52,0.0,-100.0,0.0,0.0
Aveda,Bronzer,4398606,39,0.0,-100.0,0.0,0.0
Aveda,Toner,4886007,59,0.0,-100.0,0.0,0.0
Bobbi Brown,Lipstick,3233460,44,0.0,-100.0,0.0,0.0
Frederic Malle,Toner,1752557,47,0.0,-100.0,0.0,0.0
Kilian,Mascara,4102684,54,0.0,-100.0,0.0,0.0
Elizabeth Arden,Lipstick,4840092,43,-9248911.4,-291.08957846255817,6.000000129745002,-3977031.9020000002
Elizabeth Arden,Lipstick,1990036,42,-9248911.4,-564.7610093485747,6.000000129745002,-3884542.788
Frederic Malle,Bronzer,1056110,54,0.0,-100.0,0.0,0.0
Bobbi Brown,Fragrance,1713261,60,1764658.8,2.9999982489533146,11.860440216965026,1058795.28
Elizabeth Arden,Fragrance,2421277,40,2421277.0,0.0,-1.5707429432342264,968510.8
Balmain,Fragrance,2115777,48,0.0,-100.0,0.0,0.0
Elizabeth Arden,Toner,2033854,47,-9248911.4,-554.748049761684,6.000000129745002,-4346988.358
Kilian,Toner,1750632,50,0.0,-100.0,0.0,0.0
Bobbi Brown,Lipstick,2119715,33,0.0,-100.0,0.0,0.0
Aveda,Bronzer,4146259,49,0.0,-100.0,0.0,0.0
Aveda,Bronzer,2930525,60,0.0,-100.0,0.0,0.0
Bobbi Brown,Fragrance,4501412,58,0.0,-100.0,0.0,0.0
Elizabeth Arden,Toner,704366,50,-9248911.4,-1413.0831698293218,6.000000129745002,-4624455.7
Aveda,Lipstick,2226676,42,0.0,-100.0,0.0,0.0
Aveda,Fragrance,1202436,47,0.0,-100.0,0.0,0.0
Kilian,Toner,3107411,46,0.0,-100.0,0.0,0.0
Elizabeth Arden,Bronzer,2463571,31,-9248911.4,-475.4270284883204,6.000000129745002,-2867162.534
Kilian,Fragrance,1317052,49,0.0,-100.0,0.0,0.0
Frederic Malle,Fragrance,1601928,46,0.0,-100.0,0.0,0.0
Kilian,Lipstick,942939,31,0.0,-100.0,0.0,0.0
Frederic Malle,Mascara,2819124,57,0.0,-100.0,0.0,0.0
Balmain,Lipstick,3588272,44,0.0,-100.0,0.0,0.0
Balmain,Fragrance,2661088,41,0.0,-100.0,0.0,0.0
Kilian,Toner,4555447,30,0.0,-100.0,0.0,0.0
Aveda,Bronzer,4264455,50,0.0,-100.0,0.0,0.0
Balmain,Bronzer,4404722,44,0.0,-100.0,0.0,0.0
Balmain,Toner,3675684,55,0.0,-100.0,0.0,0.0
Elizabeth Arden,Bronzer,2745854,46,2745854.0,0.0,-1.7813041604291757,1263092.84
Frederic Malle,Toner,4570211,46,0.0,-100.0,0.0,0.0
Kilian,Mascara,4518365,52,0.0,-100.0,0.0,0.0
Aveda,Bronzer,3400737,41,0.0,-100.0,0.0,0.0
Bobbi Brown,Mascara,3793705,40,0.0,-100.0,0.0,0.0
Kilian,Lipstick,2373722,37,0.0,-100.0,0.0,0.0
Kilian,Mascara,2019603,51,0.0,-100.0,0.0,0.0
Bobbi Brown,Toner,4778384,43,0.0,-100.0,0.0,0.0
Elizabeth Arden,Lipstick,4613640,41,-9248911.4,-300.4688575614916,6.000000129745002,-3792053.674
Aveda,Fragrance,1366183,59,0.0,-100.0,0.0,0.0
Balmain,Toner,2620539,54,0.0,-100.0,0.0,0.0
Frederic Malle,Fragrance,817875,50,0.0,-100.0,0.0,0.0
Bobbi Brown,Fragrance,2099908,51,1041496.9,-50.402736691321714,7.000000067210954,531163.419
Elizabeth Arden,Toner,529725,52,0.0,-100.0,-0.0,0.0
Aveda,Mascara,3013024,55,0.0,-100.0,0.0,0.0
Bobbi Brown,Toner,4411146,39,0.0,-100.0,0.0,0.0
Elizabeth Arden,Toner,2149729,56,0.0,-100.0,-0.0,0.0
Kilian,Bronzer,2181641,33,0.0,-100.0,0.0,0.0
Kilian,Lipstick,4210388,31,0.0,-100.0,0.0,0.0
Balmain,Toner,3121038,34,0.0,-100.0,0.0,0.0
Frederic Malle,Toner,4368452,55,0.0,-100.0,0.0,0.0
Frederic Malle,Bronzer,4601036,57,0.0,-100.0,0.0,0.0
Aveda,Toner,3170308,53,0.0,-100.0,0.0,0.0
Bobbi Brown,Mascara,1794929,59,1848776.9,3.0000016713752973,12.42580599544565,1090778.3709999998
Bobbi Brown,Toner,4307085,46,4436297.5,2.999998839122051,29.816778905599996,2040696.85
Bobbi Brown,Mascara,4183444,35,0.0,-100.0,0.0,0.0
Aveda,Bronzer,790998,59,0.0,-100.0,0.0,0.0
Frederic Malle,Bronzer,2944026,46,0.0,-100.0,0.0,0.0
Kilian,Bronzer,4084197,51,0.0,-100.0,0.0,0.0
Balmain,Lipstick,4290328,55,0.0,-100.0,0.0,0.0
Balmain,Fragrance,3739536,40,0.0,-100.0,0.0,0.0
Elizabeth Arden,Lipstick,4502713,56,4502713.0,0.0,-2.921022530738537,2521519.2800000003
Aveda,Bronzer,2849316,46,0.0,-100.0,0.0,0.0
Elizabeth Arden,Mascara,4434999,32,4434999.0,0.0,-2.877094765489802,1419199.68
Elizabeth Arden,Bronzer,3027419,41,0.0,-100.0,-0.0,0.0
Kilian,Bronzer,3071165,50,0.0,-100.0,0.0,0.0
Balmain,Bronzer,1467561,43,0.0,-100.0,0.0,0.0
Kilian,Fragrance,4421451,35,0.0,-100.0,0.0,0.0
Balmain,Bronzer,1305113,47,0.0,-100.0,0.0,0.0
Bobbi Brown,Mascara,2103546,30,0.0,-100.0,0.0,0.0
Balmain,Bronzer,4235444,53,0.0,-100.0,0.0,0.0
Elizabeth Arden,Lipstick,4057689,34,0.0,-100.0,-0.0,0.0
Balmain,Mascara,4267255,34,0.0,-100.0,0.0,0.0
Kilian,Fragrance,3998408,41,0.0,-100.0,0.0,0.0
Bobbi Brown,Mascara,4823654,54,1041496.9,-78.40854878894714,7.000000067210954,562408.326
Kilian,Fragrance,3784321,58,0.0,-100.0,0.0,0.0
Elizabeth Arden,Lipstick,1879904,46,1879904.0,0.0,-1.2195407390223403,864755.8400000001
Frederic Malle,Lipstick,3329455,31,0.0,-100.0,0.0,0.0
Elizabeth Arden,Bronzer,1597353,56,0.0,-100.0,-0.0,0.0
Kilian,Fragrance,1088158,49,0.0,-100.0,0.0,0.0
Elizabeth Arden,Bronzer,2711738,57,0.0,-100.0,-0.0,0.0
Bobbi Brown,Mascara,3727544,46,0.0,-100.0,0.0,0.0
Kilian,Mascara,521253,49,0.0,-100.0,0.0,0.0
Balmain,Mascara,1450162,40,0.0,-100.0,0.0,0.0
Bobbi Brown,Mascara,622775,37,0.0,-100.0,0.0,0.0
Aveda,Lipstick,2769070,44,0.0,-100.0,0.0,0.0
Frederic Malle,Bronzer,1756715,49,0.0,-100.0,0.0,0.0
Aveda,Toner,4302986,56,0.0,-100.0,0.0,0.0
Kilian,Fragrance,779215,57,0.0,-100.0,0.0,0.0
Elizabeth Arden,Toner,4233003,38,4233003.0,0.0,-2.7460549086037287,1608541.1400000001
Aveda,Fragrance,2974653,50,0.0,-100.0,0.0,0.0
Bobbi Brown,Mascara,1032726,60,0.0,-100.0,0.0,0.0
Balmain,Lipstick,3092536,33,0.0,-100.0,0.0,0.0
Balmain,Fragrance,3743484,57,0.0,-100.0,0.0,0.0
Elizabeth Arden,Toner,2496170,57,0.0,-100.0,-0.0,0.0
Bobbi Brown,Lipstick,2285559,50,0.0,-100.0,0.0,0.0
Bobbi Brown,Bronzer,1356047,59,0.0,-100.0,0.0,0.0
Elizabeth Arden,Lipstick,1345474,50,1345474.0,0.0,-0.872842632546845,672737.0
Frederic Malle,Mascara,3751128,40,0.0,-100.0,0.0,0.0
Aveda,Bronzer,3031086,40,0.0,-100.0,0.0,0.0
Bobbi Brown,Fragrance,4257985,45,0.0,-100.0,0.0,0.0
Elizabeth Arden,Lipstick,3150235,49,3150235.0,0.0,-2.043636228229762,1543615.15
Bobbi Brown,Mascara,3446862,54,0.0,-100.0,0.0,0.0
Balmain,Lipstick,943316,50,0.0,-100.0,0.0,0.0
Bobbi Brown,Lipstick,3744424,36,0.0,-100.0,0.0,0.0
Frederic Malle,Toner,3980826,30,0.0,-100.0,0.0,0.0
Balmain,Mascara,3062605,53,0.0,-100.0,0.0,0.0
Aveda,Toner,1521469,48,0.0,-100.0,0.0,0.0
Bobbi Brown,Lipstick,963001,54,0.0,-100.0,0.0,0.0
Balmain,Toner,739017,32,0.0,-100.0,0.0,0.0
Bobbi Brown,Fragrance,1576941,36,0.0,-100.0,0.0,0.0
Bobbi Brown,Lipstick,1889330,57,0.0,-100.0,0.0,0.0
Aveda,Bronzer,3443295,37,0.0,-100.0,0.0,0.0
Kilian,Toner,2058242,50,0.0,-100.0,0.0,0.0
Bobbi Brown,Toner,1729787,33,1781680.6,2.999999421894146,11.974845359355802,587954.5980000001
Elizabeth Arden,Lipstick,4125654,53,4125654.0,0.0,-2.6764149276295357,2186596.62
Elizabeth Arden,Bronzer,1352746,32,0.0,-100.0,-0.0,0.0
Aveda,Fragrance,901067,45,0.0,-100.0,0.0,0.0
Kilian,Fragrance,1504001,38,0.0,-100.0,0.0,0.0
Bobbi Brown,Bronzer,2399054,43,2471025.6,2.9999991663380685,16.60799889666497,1062541.008
Frederic Malle,Bronzer,3334837,58,0.0,-100.0,0.0,0.0
Kilian,Fragrance,3270742,48,0.0,-100.0,0.0,0.0
Bobbi Brown,Bronzer,770914,42,0.0,-100.0,0.0,0.0
Frederic Malle,Toner,2246688,52,0.0,-100.0,0.0,0.0
Frederic Malle,Lipstick,2888229,58,0.0,-100.0,0.0,0.0
Bobbi Brown,Mascara,1853324,30,0.0,-100.0,0.0,0.0
Aveda,Bronzer,4896720,53,0.0,-100.0,0.0,0.0
Elizabeth Arden,Lipstick,1249971,59,0.0,-100.0,-0.0,0.0
Aveda,Lipstick,1842057,59,0.0,-100.0,0.0,0.0
Kilian,Fragrance,2892919,46,0.0,-100.0,0.0,0.0
Kilian,Fragrance,3202994,40,0.0,-100.0,0.0,0.0
Kilian,Bronzer,4214379,48,0.0,-100.0,0.0,0.0
Bobbi Brown,Fragrance,4400379,45,0.0,-100.0,0.0,0.0
Balmain,Fragrance,4498422,44,0.0,-100.0,0.0,0.0
Frederic Malle,Mascara,4908285,31,0.0,-100.0,0.0,0.0
Frederic Malle,Fragrance,3155982,48,0.0,-100.0,0.0,0.0
Frederic Malle,Toner,1872070,44,0.0,-100.0,0.0,0.0
Kilian,Mascara,4950252,31,0.0,-100.0,0.0,0.0
Balmain,Lipstick,606022,54,0.0,-100.0,0.0,0.0
Aveda,Mascara,661445,58,0.0,-100.0,0.0,0.0
Kilian,Lipstick,1010370,59,0.0,-100.0,0.0,0.0
Frederic Malle,Fragrance,708944,50,0.0,-100.0,0.0,0.0
Kilian,Bronzer,1697162,50,0.0,-100.0,0.0,0.0
Aveda,Lipstick,2279685,50,0.0,-100.0,0.0,0.0
Bobbi Brown,Mascara,4385250,32,0.0,-100.0,0.0,0.0
Frederic Malle,Toner,828821,54,0.0,-100.0,0.0,0.0
Bobbi Brown,Fragrance,568803,36,0.0,-100.0,0.0,0.0
Kilian,Bronzer,745404,48,0.0,-100.0,0.0,0.0
Bobbi Brown,Toner,3526394,40,1041496.9,-70.46566832860991,7.000000067210954,416598.76
Kilian,Fragrance,1115863,37,0.0,-100.0,0.0,0.0
Kilian,Fragrance,1328791,47,0.0,-100.0,0.0,0.0
Aveda,Bronzer,876794,55,0.0,-100.0,0.0,0.0
Elizabeth Arden,Toner,1282877,58,0.0,-100.0,-0.0,0.0
Aveda,Fragrance,3799973,39,0.0,-100.0,0.0,0.0
Kilian,Fragrance,1350350,42,0.0,-100.0,0.0,0.0
Aveda,Bronzer,4696656,34,0.0,-100.0,0.0,0.0
Elizabeth Arden,Fragrance,3328630,56,0.0,-100.0,-0.0,0.0
Frederic Malle,Fragrance,4824848,48,0.0,-100.0,0.0,0.0
Aveda,Bronzer,2172795,40,0.0,-100.0,0.0,0.0
Balmain,Fragrance,2006145,44,0.0,-100.0,0.0,0.0
Aveda,Lipstick,2042247,32,0.0,-100.0,0.0,0.0
Balmain,Fragrance,3104884,36,0.0,-100.0,0.0,0.0
Bobbi Brown,Toner,1288140,60,0.0,-100.0,0.0,0.0
Elizabeth Arden,Toner,2118963,36,0.0,-100.0,-0.0,0.0
Bobbi Brown,Lipstick,2727503,48,0.0,-100.0,0.0,0.0
Bobbi Brown,Toner,1409245,30,0.0,-100.0,0.0,0.0
Balmain,Lipstick,1972178,48,0.0,-100.0,0.0,0.0
Frederic Malle,Bronzer,2881486,48,0.0,-100.0,0.0,0.0
Aveda,Toner,625438,45,0.0,-100.0,0.0,0.0
Aveda,Lipstick,2699391,46,0.0,-100.0,0.0,0.0
Balmain,Fragrance,4064462,42,0.0,-100.0,0.0,0.0
Elizabeth Arden,Fragrance,717770,51,717770.0,0.0,-0.46563534959660985,366062.7
Frederic Malle,Fragrance,3202882,45,0.0,-100.0,0.0,0.0
Balmain,Mascara,2681913,37,0.0,-100.0,0.0,0.0
Kilian,Bronzer,902980,54,0.0,-100.0,0.0,0.0
Aveda,Fragrance,1949087,57,0.0,-100.0,0.0,0.0
Bobbi Brown,Toner,4316126,31,0.0,-100.0,0.0,0.0
Elizabeth Arden,Bronzer,1797991,59,1797991.0,0.0,-1.1664017273730556,1060814.69
Aveda,Fragrance,1485132,31,0.0,-100.0,0.0,0.0
Elizabeth Arden,Mascara,3181206,37,3181206.0,0.0,-2.0637278904786114,1177046.22
Elizabeth Arden,Bronzer,3232481,31,0.0,-100.0,-0.0,0.0
Frederic Malle,Toner,3960989,37,0.0,-100.0,0.0,0.0
Aveda,Lipstick,2750397,46,0.0,-100.0,0.0,0.0
Balmain,Fragrance,1972542,48,0.0,-100.0,0.0,0.0
Frederic Malle,Bronzer,2098099,37,0.0,-100.0,0.0,0.0
Bobbi Brown,Bronzer,4398190,50,0.0,-100.0,0.0,0.0
Aveda,Toner,3084182,52,0.0,-100.0,0.0,0.0
Frederic Malle,Mascara,769160,60,0.0,-100.0,0.0,0.0
Kilian,Mascara,1337393,58,0.0,-100.0,0.0,0.0
Frederic Malle,Lipstick,3635812,35,0.0,-100.0,0.0,0.0
Bobbi Brown,Toner,4189024,54,0.0,-100.0,0.0,0.0
Balmain,Mascara,4579441,41,0.0,-100.0,0.0,0.0
Balmain,Lipstick,2067343,35,0.0,-100.0,0.0,0.0
Frederic Malle,Mascara,4494528,58,0.0,-100.0,0.0,0.0
Aveda,Fragrance,2088236,40,0.0,-100.0,0.0,0.0
Balmain,Lipstick,3175480,33,0.0,-100.0,0.0,0.0
Bobbi Brown,Toner,3401092,48,0.0,-100.0,0.0,0.0
Kilian,Toner,3388939,44,0.0,-100.0,0.0,0.0
Aveda,Mascara,3672382,34,0.0,-100.0,0.0,0.0
Kilian,Toner,4352256,51,0.0,-100.0,0.0,0.0
Aveda,Mascara,3610691,38,0.0,-100.0,0.0,0.0
Elizabeth Arden,Bronzer,3075508,41,0.0,-100.0,-0.0,0.0
Bobbi Brown,Fragrance,664074,57,1041496.9,56.8344642313959,7.000000067210954,593653.233
Kilian,Mascara,562507,50,0.0,-100.0,0.0,0.0
Elizabeth Arden,Fragrance,4418949,34,4418949.0,0.0,-2.8666827290978856,1502442.6600000001
Bobbi Brown,Mascara,3408056,32,3510297.7,3.0000005868448225,23.59304587073707,1123295.2640000002
Bobbi Brown,Bronzer,1561404,53,0.0,-100.0,0.0,0.0
Frederic Malle,Bronzer,3035232,55,0.0,-100.0,0.0,0.0
Bobbi Brown,Mascara,2863162,41,0.0,-100.0,0.0,0.0
Balmain,Lipstick,923332,31,0.0,-100.0,0.0,0.0
Kilian,Lipstick,2142425,52,0.0,-100.0,0.0,0.0
Elizabeth Arden,Bronzer,4676426,45,0.0,-100.0,-0.0,0.0
Bobbi Brown,Toner,879039,38,905410.17,3.000000000000005,6.085348166522129,344055.86460000003
Kilian,Fragrance,1278883,51,0.0,-100.0,0.0,0.0
Aveda,Mascara,3698156,31,0.0,-100.0,0.0,0.0
Frederic Malle,Bronzer,4268950,55,0.0,-100.0,0.0,0.0
Frederic Malle,Toner,3706943,44,0.0,-100.0,0.0,0.0
Balmain,Mascara,3050982,41,0.0,-100.0,0.0,0.0
Kilian,Mascara,1244748,56,0.0,-100.0,0.0,0.0
Aveda,Bronzer,1797819,44,0.0,-100.0,0.0,0.0
Kilian,Bronzer,2096853,35,0.0,-100.0,0.0,0.0
Elizabeth Arden,Mascara,4016144,55,4016144.0,0.0,-2.6053730519112346,2208879.2
Bobbi Brown,Lipstick,4377809,40,0.0,-100.0,0.0,0.0
Aveda,Mascara,789220,50,0.0,-100.0,0.0,0.0
Elizabeth Arden,Mascara,4499453,43,4499453.0,0.0,-2.9189076872097117,1934764.79
Bobbi Brown,Fragrance,2737035,40,1041496.9,-61.94798751203401,7.000000067210954,416598.76
Aveda,Mascara,4411147,40,0.0,-100.0,0.0,0.0
Balmain,Bronzer,2321367,45,0.0,-100.0,0.0,0.0
Bobbi Brown,Toner,1849590,34,0.0,-100.0,0.0,0.0
Frederic Malle,Bronzer,1969793,41,0.0,-100.0,0.0,0.0
Aveda,Mascara,1426215,31,0.0,-100.0,0.0,0.0
Elizabeth Arden,Lipstick,3011910,40,3011910.0,0.0,-1.9539013413816753,1204764.0
Frederic Malle,Fragrance,2150824,51,0.0,-100.0,0.0,0.0
Aveda,Bronzer,1192137,57,0.0,-100.0,0.0,0.0
Frederic Malle,Bronzer,2157153,37,0.0,-100.0,0.0,0.0
Elizabeth Arden,Fragrance,2306684,56,0.0,-100.0,-0.0,0.0
Aveda,Mascara,2795936,33,0.0,-100.0,0.0,0.0
Balmain,Bronzer,2040724,49,0.0,-100.0,0.0,0.0
Kilian,Toner,4562224,55,0.0,-100.0,0.0,0.0
Aveda,Bronzer,2136675,50,0.0,-100.0,0.0,0.0
Frederic Malle,Mascara,1535891,42,0.0,-100.0,0.0,0.0
Balmain,Lipstick,1267876,38,0.0,-100.0,0.0,0.0
Elizabeth Arden,Mascara,1706184,53,0.0,-100.0,-0.0,0.0
Balmain,Toner,1215339,50,0.0,-100.0,0.0,0.0
Aveda,Bronzer,1128889,36,0.0,-100.0,0.0,0.0
Frederic Malle,Bronzer,3029832,44,0.0,-100.0,0.0,0.0
Elizabeth Arden,Lipstick,3284067,56,3284067.0,0.0,-2.1304563936131204,1839077.5200000003
Aveda,Lipstick,1924663,32,0.0,-100.0,0.0,0.0
Bobbi Brown,Mascara,4967223,58,0.0,-100.0,0.0,0.0
Frederic Malle,Lipstick,637686,46,0.0,-100.0,0.0,0.0
Aveda,Fragrance,4424221,60,0.0,-100.0,0.0,0.0
Kilian,Fragrance,3867611,54,0.0,-100.0,0.0,0.0
Kilian,Mascara,2447238,37,0.0,-100.0,0.0,0.0
Bobbi Brown,Toner,4061262,48,0.0,-100.0,0.0,0.0
Kilian,Fragrance,3739254,42,0.0,-100.0,0.0,0.0
Kilian,Toner,2031064,48,0.0,-100.0,0.0,0.0
Elizabeth Arden,Bronzer,1968919,36,1968919.0,0.0,-1.2772869956844217,708810.84
Kilian,Toner,1945065,52,0.0,-100.0,0.0,0.0
Kilian,Toner,2141232,39,0.0,-100.0,0.0,0.0
Aveda,Fragrance,1284192,35,0.0,-100.0,0.0,0.0
Bobbi Brown,Lipstick,4029921,38,0.0,-100.0,0.0,0.0
Elizabeth Arden,Lipstick,1037977,44,0.0,-100.0,-0.0,0.0
Kilian,Mascara,2659173,56,0.0,-100.0,0.0,0.0
Aveda,Toner,4997968,46,0.0,-100.0,0.0,0.0
Kilian,Toner,4476974,55,0.0,-100.0,0.0,0.0
Balmain,Bronzer,3387757,32,0.0,-100.0,0.0,0.0
Aveda,Bronzer,3600498,53,0.0,-100.0,0.0,0.0
Kilian,Toner,4319712,50,0.0,-100.0,0.0,0.0
Elizabeth Arden,Toner,797675,48,0.0,-100.0,-0.0,0.0
Kilian,Bronzer,625355,60,0.0,-100.0,0.0,0.0
Kilian,Fragrance,2509606,37,0.0,-100.0,0.0,0.0
Frederic Malle,Toner,2381297,48,0.0,-100.0,0.0,0.0
Elizabeth Arden,Fragrance,592036,40,0.0,-100.0,-0.0,0.0
Elizabeth Arden,Lipstick,1690456,34,0.0,-100.0,-0.0,0.0
Kilian,Mascara,2324964,45,0.0,-100.0,0.0,0.0
Kilian,Fragrance,4608502,49,0.0,-100.0,0.0,0.0
Elizabeth Arden,Fragrance,1047219,53,1047219.0,0.0,-0.679357155034638,555026.0700000001
Frederic Malle,Lipstick,4355933,54,0.0,-100.0,0.0,0.0
Frederic Malle,Mascara,2397883,34,0.0,-100.0,0.0,0.0
Frederic Malle,Mascara,4166344,49,0.0,-100.0,0.0,0.0
Bobbi Brown,Toner,1594409,32,0.0,-100.0,0.0,0.0
Frederic Malle,Bronzer,2673513,53,0.0,-100.0,0.0,0.0
Balmain,Toner,1579525,58,0.0,-100.0,0.0,0.0
Bobbi Brown,Toner,1781506,49,0.0,-100.0,0.0,0.0
Frederic Malle,Toner,4335598,35,0.0,-100.0,0.0,0.0
Kilian,Lipstick,551707,56,0.0,-100.0,0.0,0.0
Kilian,Toner,2783785,55,0.0,-100.0,0.0,0.0
Elizabeth Arden,Toner,4033716,45,4033716.0,0.0,-2.6167724477666083,1815172.2
Frederic Malle,Lipstick,2791136,42,0.0,-100.0,0.0,0.0
Kilian,Lipstick,1352050,33,0.0,-100.0,0.0,0.0
Kilian,Fragrance,4969353,43,0.0,-100.0,0.0,0.0
Frederic Malle,Mascara,4248529,56,0.0,-100.0,0.0,0.0
Aveda,Lipstick,4361774,57,0.0,-100.0,0.0,0.0
Balmain,Mascara,3318907,48,0.0,-100.0,0.0,0.0
Kilian,Mascara,4364044,47,0.0,-100.0,0.0,0.0
Bobbi Brown,Lipstick,1308301,54,-112277200.0,-8681.908903226398,-754.6257771350618,-60629688.00000001
Balmain,Fragrance,1838306,47,0.0,-100.0,0.0,0.0
Balmain,Mascara,1869391,59,0.0,-100.0,0.0,0.0
Elizabeth Arden,Toner,936542,33,936542.0,0.0,-0.6075582172310184,309058.86
Frederic Malle,Lipstick,2562087,52,0.0,-100.0,0.0,0.0
Kilian,Lipstick,2495141,58,0.0,-100.0,0.0,0.0
Bobbi Brown,Bronzer,3999701,30,0.0,-100.0,0.0,0.0
Balmain,Fragrance,3403609,31,0.0,-100.0,0.0,0.0
Elizabeth Arden,Mascara,4300315,37,4300315.0,0.0,-2.7897218863989095,1591116.55
Frederic Malle,Mascara,2905514,60,0.0,-100.0,0.0,0.0
Bobbi Brown,Fragrance,4199509,40,4325494.3,3.000000714369223,29.072060023146108,1730197.72
Elizabeth Arden,Mascara,2522784,54,0.0,-100.0,-0.0,0.0
Aveda,Fragrance,928745,46,0.0,-100.0,0.0,0.0
Aveda,Bronzer,1036644,48,0.0,-100.0,0.0,0.0
Bobbi Brown,Toner,3273737,53,0.0,-100.0,0.0,0.0
Aveda,Mascara,1489336,49,0.0,-100.0,0.0,0.0
Bobbi Brown,Mascara,561753,46,1041496.9,85.40121726096702,7.000000067210954,479088.574
Kilian,Fragrance,1155496,58,0.0,-100.0,0.0,0.0
Balmain,Lipstick,576240,51,0.0,-100.0,0.0,0.0
Elizabeth Arden,Lipstick,4885224,60,0.0,-100.0,-0.0,0.0
Aveda,Bronzer,2062518,44,0.0,-100.0,0.0,0.0
Frederic Malle,Fragrance,2087819,35,0.0,-100.0,0.0,0.0
Elizabeth Arden,Lipstick,1490121,59,1490121.0,0.0,-0.9666787589008315,879171.3899999999
Frederic Malle,Bronzer,4609545,48,0.0,-100.0,0.0,0.0
Elizabeth Arden,Bronzer,1521436,53,0.0,-100.0,-0.0,0.0
Elizabeth Arden,Lipstick,4684238,48,0.0,-100.0,-0.0,0.0
Frederic Malle,Mascara,2903233,48,0.0,-100.0,0.0,0.0
Kilian,Fragrance,1633183,58,0.0,-100.0,0.0,0.0
Aveda,Mascara,1660294,46,0.0,-100.0,0.0,0.0
Elizabeth Arden,Lipstick,3448632,40,3448632.0,0.0,-2.2372138246932245,1379452.8
Aveda,Fragrance,3524015,40,0.0,-100.0,0.0,0.0
Kilian,Lipstick,1837768,58,0.0,-100.0,0.0,0.0
Elizabeth Arden,Lipstick,1025005,36,0.0,-100.0,-0.0,0.0
Frederic Malle,Lipstick,3950087,42,0.0,-100.0,0.0,0.0
Elizabeth Arden,Bronzer,3701208,44,0.0,-100.0,-0.0,0.0
Kilian,Lipstick,2514017,42,0.0,-100.0,0.0,0.0
Aveda,Toner,4149244,39,0.0,-100.0,0.0,0.0
Elizabeth Arden,Toner,2362205,52,0.0,-100.0,-0.0,0.0
Balmain,Mascara,2867322,60,0.0,-100.0,0.0,0.0
Elizabeth Arden,Lipstick,1199895,38,0.0,-100.0,-0.0,0.0
Bobbi Brown,Lipstick,3549316,55,0.0,-100.0,0.0,0.0
Bobbi Brown,Lipstick,1406450,32,0.0,-100.0,0.0,0.0
Kilian,Bronzer,2543321,35,0.0,-100.0,0.0,0.0
Aveda,Mascara,4891401,33,0.0,-100.0,0.0,0.0
Bobbi Brown,Mascara,3138439,58,0.0,-100.0,0.0,0.0
Balmain,Mascara,2305518,59,0.0,-100.0,0.0,0.0
Frederic Malle,Bronzer,2482847,48,0.0,-100.0,0.0,0.0
Balmain,Toner,2357596,59,0.0,-100.0,0.0,0.0
Bobbi Brown,Fragrance,2270394,55,2338505.8,2.9999991190956203,15.717320672940271,1286178.19
Aveda,Bronzer,4295830,52,0.0,-100.0,0.0,0.0
Frederic Malle,Fragrance,1434048,49,0.0,-100.0,0.0,0.0
Aveda,Toner,3491620,44,0.0,-100.0,0.0,0.0
Elizabeth Arden,Toner,2949308,53,0.0,-100.0,-0.0,0.0
Elizabeth Arden,Mascara,4631146,31,4631146.0,0.0,-3.0043402297991575,1435655.26
Elizabeth Arden,Toner,3721131,49,0.0,-100.0,-0.0,0.0
Aveda,Mascara,4717690,32,0.0,-100.0,0.0,0.0
Aveda,Lipstick,4543763,32,0.0,-100.0,0.0,0.0
Balmain,Toner,1693982,59,0.0,-100.0,0.0,0.0
Kilian,Bronzer,2156042,52,0.0,-100.0,0.0,0.0
Aveda,Fragrance,4790697,58,0.0,-100.0,0.0,0.0
Aveda,Fragrance,2998578,60,0.0,-100.0,0.0,0.0
Aveda,Toner,2045491,54,0.0,-100.0,0.0,0.0
Elizabeth Arden,Mascara,1933284,52,0.0,-100.0,-0.0,0.0
Balmain,Fragrance,530257,41,0.0,-100.0,0.0,0.0
Bobbi Brown,Lipstick,3135466,43,0.0,-100.0,0.0,0.0
Balmain,Mascara,1727222,53,0.0,-100.0,0.0,0.0
Aveda,Lipstick,1365256,56,0.0,-100.0,0.0,0.0
Kilian,Bronzer,4973447,30,0.0,-100.0,0.0,0.0
Kilian,Fragrance,749265,43,0.0,-100.0,0.0,0.0
Balmain,Toner,1635371,44,0.0,-100.0,0.0,0.0
Bobbi Brown,Mascara,3748140,59,3860584.2,3.000000000000005,25.94735486920177,2277744.678
Kilian,Mascara,2358997,33,0.0,-100.0,0.0,0.0
Balmain,Bronzer,1021244,37,0.0,-100.0,0.0,0.0
Bobbi Brown,Bronzer,939439,52,1041496.9,10.863706957024354,7.000000067210954,541578.388
Aveda,Toner,2394554,44,0.0,-100.0,0.0,0.0
Balmain,Toner,4285961,49,0.0,-100.0,0.0,0.0
Aveda,Bronzer,3121158,57,0.0,-100.0,0.0,0.0
Kilian,Lipstick,2498173,39,0.0,-100.0,0.0,0.0
Frederic Malle,Mascara,1141593,36,0.0,-100.0,0.0,0.0
Frederic Malle,Mascara,4609070,49,0.0,-100.0,0.0,0.0
Aveda,Lipstick,1734215,37,0.0,-100.0,0.0,0.0
Elizabeth Arden,Fragrance,4750167,59,0.0,-100.0,-0.0,0.0
Kilian,Bronzer,778495,58,0.0,-100.0,0.0,0.0
Frederic Malle,Mascara,4401403,60,0.0,-100.0,0.0,0.0
Elizabeth Arden,Mascara,4320671,37,0.0,-100.0,-0.0,0.0
Bobbi Brown,Bronzer,2242166,59,0.0,-100.0,0.0,0.0
Kilian,Mascara,3242455,50,0.0,-100.0,0.0,0.0
Kilian,Mascara,1097904,48,0.0,-100.0,0.0,0.0
Kilian,Lipstick,2104243,37,0.0,-100.0,0.0,0.0
Frederic Malle,Fragrance,2138846,45,0.0,-100.0,0.0,0.0
Kilian,Toner,2882865,45,0.0,-100.0,0.0,0.0
Balmain,Lipstick,4598535,59,0.0,-100.0,0.0,0.0
Kilian,Fragrance,2499117,35,0.0,-100.0,0.0,0.0
Bobbi Brown,Lipstick,1011162,42,1041496.9,3.000003955844862,7.000000067210954,437428.698
Aveda,Toner,2779042,57,0.0,-100.0,0.0,0.0
Elizabeth Arden,Fragrance,1239574,35,0.0,-100.0,-0.0,0.0
Frederic Malle,Toner,1119696,56,0.0,-100.0,0.0,0.0
Aveda,Bronzer,3476030,54,0.0,-100.0,0.0,0.0
Bobbi Brown,Bronzer,2350924,42,2421451.7,2.999999149270678,16.27480798334405,1017009.714
Kilian,Bronzer,1641452,49,0.0,-100.0,0.0,0.0
Kilian,Lipstick,1730796,44,0.0,-100.0,0.0,0.0
Frederic Malle,Toner,2412493,42,0.0,-100.0,0.0,0.0
Aveda,Fragrance,4932027,46,0.0,-100.0,0.0,0.0
Elizabeth Arden,Mascara,4615741,60,0.0,-100.0,-0.0,0.0
Aveda,Mascara,2954698,42,0.0,-100.0,0.0,0.0
Kilian,Toner,975278,49,0.0,-100.0,0.0,0.0
Bobbi Brown,Fragrance,2126528,52,2190323.8,2.9999981189996,14.72137530818743,1138968.376
Elizabeth Arden,Lipstick,3321839,41,0.0,-100.0,-0.0,0.0
Kilian,Fragrance,4379928,43,0.0,-100.0,0.0,0.0
Elizabeth Arden,Bronzer,3354119,30,0.0,-100.0,-0.0,0.0
Balmain,Toner,3099327,60,0.0,-100.0,0.0,0.0
Aveda,Mascara,3449311,35,0.0,-100.0,0.0,0.0
Kilian,Toner,3966032,48,0.0,-100.0,0.0,0.0
Balmain,Bronzer,1081904,56,0.0,-100.0,0.0,0.0
Frederic Malle,Fragrance,2522643,48,0.0,-100.0,0.0,0.0
Balmain,Bronzer,2823724,55,0.0,-100.0,0.0,0.0
Kilian,Bronzer,920539,52,0.0,-100.0,0.0,0.0
Bobbi Brown,Toner,3997831,43,0.0,-100.0,0.0,0.0
Frederic Malle,Mascara,3022919,45,0.0,-100.0,0.0,0.0
Frederic Malle,Bronzer,4031674,35,0.0,-100.0,0.0,0.0
Elizabeth Arden,Fragrance,2926105,54,2926105.0,0.0,-1.898237491997977,1580096.7000000002
Kilian,Mascara,770146,49,0.0,-100.0,0.0,0.0
Balmain,Lipstick,4972089,44,0.0,-100.0,0.0,0.0
Bobbi Brown,Bronzer,1146275,52,0.0,-100.0,0.0,0.0
Elizabeth Arden,Lipstick,4961213,31,0.0,-100.0,-0.0,0.0
Kilian,Bronzer,1483667,46,0.0,-100.0,0.0,0.0
Kilian,Bronzer,2701340,35,0.0,-100.0,0.0,0.0
Elizabeth Arden,Bronzer,1574477,44,1574477.0,0.0,-1.0214026057467174,692769.88
Frederic Malle,Fragrance,797584,35,0.0,-100.0,0.0,0.0
Bobbi Brown,Toner,2151348,47,0.0,-100.0,0.0,0.0
Frederic Malle,Mascara,4990224,54,0.0,-100.0,0.0,0.0
Aveda,Mascara,1416004,42,0.0,-100.0,0.0,0.0
Aveda,Lipstick,1775393,56,0.0,-100.0,0.0,0.0
Balmain,Toner,2242955,57,0.0,-100.0,0.0,0.0
Balmain,Fragrance,2135765,58,0.0,-100.0,0.0,0.0
Frederic Malle,Fragrance,2505534,53,0.0,-100.0,0.0,0.0
Elizabeth Arden,Fragrance,1436320,44,0.0,-100.0,-0.0,0.0
Elizabeth Arden,Mascara,4961902,50,0.0,-100.0,-0.0,0.0
Aveda,Lipstick,3377429,46,0.0,-100.0,0.0,0.0
Elizabeth Arden,Lipstick,3863244,45,0.0,-100.0,-0.0,0.0
Elizabeth Arden,Fragrance,1597996,56,0.0,-100.0,-0.0,0.0
Balmain,Bronzer,1168629,35,0.0,-100.0,0.0,0.0
Frederic Malle,Mascara,4738340,44,0.0,-100.0,0.0,0.0
Frederic Malle,Mascara,2078232,33,0.0,-100.0,0.0,0.0
Bobbi Brown,Toner,4718346,60,0.0,-100.0,0.0,0.0
Kilian,Toner,4843699,48,0.0,-100.0,0.0,0.0
Bobbi Brown,Fragrance,2265520,58,0.0,-100.0,0.0,0.0
Kilian,Toner,2265317,33,0.0,-100.0,0.0,0.0
Elizabeth Arden,Bronzer,2916826,37,2916826.0,0.0,-1.892217972640931,1079225.6199999999
Frederic Malle,Bronzer,2217534,42,0.0,-100.0,0.0,0.0
Kilian,Fragrance,3550999,31,0.0,-100.0,0.0,0.0
Aveda,Lipstick,4223234,45,0.0,-100.0,0.0,0.0
Frederic Malle,Fragrance,3607548,50,0.0,-100.0,0.0,0.0
Balmain,Fragrance,4358884,52,0.0,-100.0,0.0,0.0
Aveda,Bronzer,2862460,33,0.0,-100.0,0.0,0.0
Frederic Malle,Mascara,3835379,38,0.0,-100.0,0.0,0.0
Balmain,Mascara,4380323,40,0.0,-100.0,0.0,0.0
Kilian,Toner,990999,34,0.0,-100.0,0.0,0.0
Bobbi Brown,Toner,920602,42,1041496.9,13.132157001614164,7.000000067210954,437428.698
Bobbi Brown,Bronzer,3362349,52,0.0,-100.0,0.0,0.0
Balmain,Lipstick,2220444,38,0.0,-100.0,0.0,0.0
Elizabeth Arden,Lipstick,4857356,57,4857356.0,0.0,-3.1510883140493338,2768692.92
Elizabeth Arden,Mascara,4591373,54,0.0,-100.0,-0.0,0.0
Kilian,Toner,4407297,49,0.0,-100.0,0.0,0.0
Balmain,Fragrance,4734453,50,0.0,-100.0,0.0,0.0
Elizabeth Arden,Mascara,3824024,41,0.0,-100.0,-0.0,0.0
Balmain,Lipstick,1861425,48,0.0,-100.0,0.0,0.0
Frederic Malle,Lipstick,2435657,41,0.0,-100.0,0.0,0.0
Frederic Malle,Toner,2452026,56,0.0,-100.0,0.0,0.0
Bobbi Brown,Fragrance,4628784,59,0.0,-100.0,0.0,0.0
Bobbi Brown,Fragrance,3553380,37,0.0,-100.0,0.0,0.0
Bobbi Brown,Fragrance,1433476,44,0.0,-100.0,0.0,0.0
Aveda,Bronzer,3509828,57,0.0,-100.0,0.0,0.0
Elizabeth Arden,Bronzer,3699039,48,0.0,-100.0,-0.0,0.0
Aveda,Bronzer,3060837,54,0.0,-100.0,0.0,0.0
Elizabeth Arden,Mascara,4169021,34,0.0,-100.0,-0.0,0.0
Aveda,Toner,768508,59,0.0,-100.0,0.0,0.0
Bobbi Brown,Lipstick,1776485,36,0.0,-100.0,0.0,0.0
Bobbi Brown,Lipstick,1027409,33,0.0,-100.0,0.0,0.0
Elizabeth Arden,Toner,3611500,34,0.0,-100.0,-0.0,0.0
Bobbi Brown,Toner,4147965,39,4272404.0,3.000001205410364,28.715235049813735,1666237.56
Kilian,Fragrance,2119282,58,0.0,-100.0,0.0,0.0
Balmain,Bronzer,1387099,39,0.0,-100.0,0.0,0.0
Balmain,Lipstick,1444131,40,0.0,-100.0,0.0,0.0
Bobbi Brown,Lipstick,692458,30,0.0,-100.0,0.0,0.0
Aveda,Mascara,4396937,36,0.0,-100.0,0.0,0.0
Frederic Malle,Toner,1850850,40,0.0,-100.0,0.0,0.0
Kilian,Mascara,4330415,46,0.0,-100.0,0.0,0.0
Elizabeth Arden,Bronzer,3970431,54,0.0,-100.0,-0.0,0.0
Frederic Malle,Lipstick,4728087,42,0.0,-100.0,0.0,0.0
Aveda,Fragrance,4424152,51,0.0,-100.0,0.0,0.0
Kilian,Mascara,2183032,55,0.0,-100.0,0.0,0.0
Bobbi Brown,Mascara,1002264,38,0.0,-100.0,0.0,0.0
Bobbi Brown,Mascara,4675282,30,0.0,-100.0,0.0,0.0
Kilian,Mascara,1444740,58,0.0,-100.0,0.0,0.0
Frederic Malle,Fragrance,2787319,47,0.0,-100.0,0.0,0.0
Bobbi Brown,Bronzer,2152131,42,1041496.9,-51.60624980542542,7.000000067210954,437428.698
Bobbi Brown,Lipstick,3129137,30,1041496.9,-66.71616167652616,7.000000067210954,312449.07
Balmain,Toner,4361607,34,0.0,-100.0,0.0,0.0
Kilian,Fragrance,2288220,52,0.0,-100.0,0.0,0.0
Kilian,Lipstick,2341646,51,0.0,-100.0,0.0,0.0
Balmain,Bronzer,2319239,52,0.0,-100.0,0.0,0.0
Kilian,Fragrance,2479746,60,0.0,-100.0,0.0,0.0
Elizabeth Arden,Fragrance,2004900,56,0.0,-100.0,-0.0,0.0
Elizabeth Arden,Mascara,2880612,42,0.0,-100.0,-0.0,0.0
Bobbi Brown,Bronzer,4625279,52,1041496.9,-77.48250646069135,7.000000067210954,541578.388
Aveda,Mascara,3477299,45,0.0,-100.0,0.0,0.0
Frederic Malle,Fragrance,2046064,44,0.0,-100.0,0.0,0.0
Elizabeth Arden,Fragrance,2206930,45,2206930.0,0.0,-1.431690683763944,993118.5
Balmain,Fragrance,2309771,56,0.0,-100.0,0.0,0.0
Bobbi Brown,Toner,2834482,51,2919516.5,3.0000014111925917,19.62234904033175,1488953.415
Balmain,Fragrance,1784283,42,0.0,-100.0,0.0,0.0
Bobbi Brown,Fragrance,2003061,42,0.0,-100.0,0.0,0.0
Frederic Malle,Mascara,4848530,45,0.0,-100.0,0.0,0.0
Aveda,Bronzer,906547,38,0.0,-100.0,0.0,0.0
Bobbi Brown,Toner,3691849,55,0.0,-100.0,0.0,0.0
Balmain,Toner,2041037,35,0.0,-100.0,0.0,0.0
Bobbi Brown,Lipstick,4462931,32,0.0,-100.0,0.0,0.0
Aveda,Bronzer,2932665,54,0.0,-100.0,0.0,0.0
Balmain,Toner,2291396,50,0.0,-100.0,0.0,0.0
Aveda,Lipstick,4518293,58,0.0,-100.0,0.0,0.0
Elizabeth Arden,Bronzer,4601599,40,4601599.0,0.0,-2.985172351962899,1840639.6
Balmain,Bronzer,4275702,51,0.0,-100.0,0.0,0.0
Bobbi Brown,Toner,4305721,44,0.0,-100.0,0.0,0.0
Balmain,Lipstick,658477,33,0.0,-100.0,0.0,0.0
Kilian,Toner,4188173,45,0.0,-100.0,0.0,0.0
Aveda,Lipstick,1301125,48,0.0,-100.0,0.0,0.0
Elizabeth Arden,Bronzer,4362949,55,4362949.0,0.0,-2.830354128602727,2399621.95
Elizabeth Arden,Lipstick,2104592,47,0.0,-100.0,-0.0,0.0
Kilian,Fragrance,4716794,47,0.0,-100.0,0.0,0.0
Aveda,Bronzer,4695843,31,0.0,-100.0,0.0,0.0
Elizabeth Arden,Mascara,4573542,33,0.0,-100.0,-0.0,0.0
Aveda,Toner,2024631,37,0.0,-100.0,0.0,0.0
Bobbi Brown,Toner,4683583,40,0.0,-100.0,0.0,0.0
Bobbi Brown,Bronzer,4328239,58,0.0,-100.0,0.0,0.0
Balmain,Bronzer,2807600,34,0.0,-100.0,0.0,0.0
Kilian,Bronzer,966589,59,0.0,-100.0,0.0,0.0
Bobbi Brown,Bronzer,2299971,59,0.0,-100.0,0.0,0.0
Aveda,Lipstick,1073881,60,0.0,-100.0,0.0,0.0
Aveda,Bronzer,4378551,37,0.0,-100.0,0.0,0.0
Frederic Malle,Fragrance,2113560,59,0.0,-100.0,0.0,0.0
Aveda,Bronzer,3695741,51,0.0,-100.0,0.0,0.0
Elizabeth Arden,Fragrance,1050428,41,0.0,-100.0,-0.0,0.0
Frederic Malle,Bronzer,897172,36,0.0,-100.0,0.0,0.0
Balmain,Mascara,1254085,41,0.0,-100.0,0.0,0.0
Bobbi Brown,Toner,1251993,60,0.0,-100.0,0.0,0.0
Frederic Malle,Bronzer,4602748,46,0.0,-100.0,0.0,0.0
Elizabeth Arden,Mascara,817942,54,0.0,-100.0,-0.0,0.0
Elizabeth Arden,Bronzer,3330514,57,0.0,-100.0,-0.0,0.0
Frederic Malle,Fragrance,4766399,51,0.0,-100.0,0.0,0.0
Frederic Malle,Fragrance,1402473,56,0.0,-100.0,0.0,0.0
Aveda,Toner,2143906,44,0.0,-100.0,0.0,0.0
Aveda,Toner,1947307,35,0.0,-100.0,0.0,0.0
Aveda,Toner,3951001,32,0.0,-100.0,0.0,0.0
Aveda,Toner,2889127,42,0.0,-100.0,0.0,0.0
Balmain,Lipstick,1751661,57,0.0,-100.0,0.0,0.0
Elizabeth Arden,Mascara,2304053,38,2304053.0,0.0,-1.4946968027977174,875540.14
Kilian,Mascara,2082701,40,0.0,-100.0,0.0,0.0
Bobbi Brown,Lipstick,1517497,46,1563021.9,2.999999341020108,10.50521936748174,718990.074
Bobbi Brown,Lipstick,3594510,52,0.0,-100.0,0.0,0.0
Frederic Malle,Fragrance,690285,40,0.0,-100.0,0.0,0.0
Kilian,Bronzer,3216826,48,0.0,-100.0,0.0,0.0
Bobbi Brown,Lipstick,1611288,33,0.0,-100.0,0.0,0.0
Frederic Malle,Fragrance,1331635,42,0.0,-100.0,0.0,0.0
Frederic Malle,Mascara,4951116,52,0.0,-100.0,0.0,0.0
Aveda,Mascara,1910808,44,0.0,-100.0,0.0,0.0
Balmain,Fragrance,3413293,55,0.0,-100.0,0.0,0.0
Kilian,Lipstick,4570101,48,0.0,-100.0,0.0,0.0
Frederic Malle,Bronzer,882811,52,0.0,-100.0,0.0,0.0
Bobbi Brown,Toner,4896208,49,0.0,-100.0,0.0,0.0
Frederic Malle,Toner,2199660,37,0.0,-100.0,0.0,0.0
Elizabeth Arden,Bronzer,1347405,45,0.0,-100.0,-0.0,0.0
Frederic Malle,Fragrance,4288264,54,0.0,-100.0,0.0,0.0
Balmain,Toner,2172349,52,0.0,-100.0,0.0,0.0
Kilian,Fragrance,3667126,54,0.0,-100.0,0.0,0.0
Frederic Malle,Toner,3224274,44,0.0,-100.0,0.0,0.0
Bobbi Brown,Toner,2573946,35,0.0,-100.0,0.0,0.0
Kilian,Fragrance,3647887,55,0.0,-100.0,0.0,0.0
Bobbi Brown,Fragrance,2140027,51,1041496.9,-51.33253458951687,7.000000067210954,531163.419
Frederic Malle,Lipstick,3098385,55,0.0,-100.0,0.0,0.0
Kilian,Fragrance,2685132,35,0.0,-100.0,0.0,0.0
Balmain,Fragrance,2024960,32,0.0,-100.0,0.0,0.0
Bobbi Brown,Fragrance,887773,53,0.0,-100.0,0.0,0.0
Aveda,Lipstick,3083677,57,0.0,-100.0,0.0,0.0
Frederic Malle,Fragrance,1867064,48,0.0,-100.0,0.0,0.0
Kilian,Mascara,2896640,48,0.0,-100.0,0.0,0.0
Frederic Malle,Mascara,2416796,54,0.0,-100.0,0.0,0.0
Frederic Malle,Lipstick,2284094,45,0.0,-100.0,0.0,0.0
Bobbi Brown,Mascara,4524919,57,0.0,-100.0,0.0,0.0
Kilian,Fragrance,2931129,38,0.0,-100.0,0.0,0.0
Kilian,Bronzer,2469412,34,0.0,-100.0,0.0,0.0
Aveda,Fragrance,4175049,33,0.0,-100.0,0.0,0.0
Kilian,Toner,3128973,45,0.0,-100.0,0.0,0.0
Balmain,Toner,2524611,34,0.0,-100.0,0.0,0.0
Frederic Malle,Bronzer,1530451,53,0.0,-100.0,0.0,0.0
Aveda,Fragrance,4366585,43,0.0,-100.0,0.0,0.0
Frederic Malle,Bronzer,4010764,41,0.0,-100.0,0.0,0.0
Frederic Malle,Bronzer,2860901,39,0.0,-100.0,0.0,0.0
Frederic Malle,Toner,3791987,51,0.0,-100.0,0.0,0.0
Bobbi Brown,Toner,1290671,59,1329391.1,2.999997675627646,8.934964462543906,784340.7490000001
Bobbi Brown,Toner,3004973,52,1041496.9,-65.34088991814569,7.000000067210954,541578.388
Elizabeth Arden,Toner,4384175,46,4384175.0,0.0,-2.8441239656404096,2016720.5
Frederic Malle,Bronzer,1498899,45,0.0,-100.0,0.0,0.0
Aveda,Fragrance,4705089,36,0.0,-100.0,0.0,0.0
Elizabeth Arden,Fragrance,4957910,59,0.0,-100.0,-0.0,0.0
Frederic Malle,Toner,886213,59,0.0,-100.0,0.0,0.0
Frederic Malle,Fragrance,1377751,51,0.0,-100.0,0.0,0.0
Balmain,Bronzer,2301951,45,0.0,-100.0,0.0,0.0
Aveda,Lipstick,2015509,58,0.0,-100.0,0.0,0.0
Elizabeth Arden,Fragrance,1808166,37,0.0,-100.0,-0.0,0.0
Elizabeth Arden,Bronzer,1830728,52,1830728.0,0.0,-1.1876390379875201,951978.56
Aveda,Lipstick,3924638,47,0.0,-100.0,0.0,0.0
Balmain,Bronzer,4637075,44,0.0,-100.0,0.0,0.0
Aveda,Lipstick,3773751,57,0.0,-100.0,0.0,0.0
Elizabeth Arden,Mascara,3091822,44,0.0,-100.0,-0.0,0.0
Bobbi Brown,Toner,3300174,59,3399179.2,2.999999393971354,22.846207826890392,2005515.7280000001
Aveda,Bronzer,3996716,46,0.0,-100.0,0.0,0.0
Elizabeth Arden,Lipstick,4849025,58,0.0,-100.0,-0.0,0.0
Aveda,Lipstick,3205421,35,0.0,-100.0,0.0,0.0
Kilian,Fragrance,647032,43,0.0,-100.0,0.0,0.0
Aveda,Fragrance,2218562,50,0.0,-100.0,0.0,0.0
Frederic Malle,Lipstick,4783664,40,0.0,-100.0,0.0,0.0
Bobbi Brown,Fragrance,2828033,36,0.0,-100.0,0.0,0.0
Kilian,Fragrance,3805107,34,0.0,-100.0,0.0,0.0
Kilian,Fragrance,4300760,39,0.0,-100.0,0.0,0.0
Bobbi Brown,Mascara,4346300,52,0.0,-100.0,0.0,0.0
Frederic Malle,Lipstick,4143488,60,0.0,-100.0,0.0,0.0
Bobbi Brown,Fragrance,3669562,47,0.0,-100.0,0.0,0.0
Bobbi Brown,Mascara,2363907,38,0.0,-100.0,0.0,0.0
Frederic Malle,Mascara,4926421,53,0.0,-100.0,0.0,0.0
Balmain,Fragrance,2643184,39,0.0,-100.0,0.0,0.0
Elizabeth Arden,Mascara,3026915,31,3026915.0,0.0,-1.9636354601393513,938343.65
Frederic Malle,Mascara,1380432,30,0.0,-100.0,0.0,0.0
Aveda,Mascara,4439625,43,0.0,-100.0,0.0,0.0
Elizabeth Arden,Bronzer,1742522,53,0.0,-100.0,-0.0,0.0
Elizabeth Arden,Lipstick,2541215,46,0.0,-100.0,-0.0,0.0
Elizabeth Arden,Lipstick,4386613,52,4386613.0,0.0,-2.8457055572119665,2281038.7600000002
Balmain,Lipstick,1161440,39,0.0,-100.0,0.0,0.0
Frederic Malle,Lipstick,881325,35,0.0,-100.0,0.0,0.0
Balmain,Lipstick,3401884,41,0.0,-100.0,0.0,0.0
Aveda,Fragrance,2089426,30,0.0,-100.0,0.0,0.0
Aveda,Bronzer,2335068,56,0.0,-100.0,0.0,0.0
Bobbi Brown,Lipstick,2701279,33,1041496.9,-61.44430471639546,7.000000067210954,343693.977
Balmain,Bronzer,4714086,50,0.0,-100.0,0.0,0.0
Bobbi Brown,Toner,4426449,31,0.0,-100.0,0.0,0.0
Bobbi Brown,Lipstick,4944910,49,0.0,-100.0,0.0,0.0
Frederic Malle,Fragrance,3716662,30,0.0,-100.0,0.0,0.0
Bobbi Brown,Toner,1932672,55,0.0,-100.0,0.0,0.0
Balmain,Lipstick,2965596,34,0.0,-100.0,0.0,0.0
Kilian,Fragrance,2182978,55,0.0,-100.0,0.0,0.0
Frederic Malle,Lipstick,3722018,38,0.0,-100.0,0.0,0.0
Balmain,Lipstick,4278271,30,0.0,-100.0,0.0,0.0
Frederic Malle,Mascara,1428864,59,0.0,-100.0,0.0,0.0
Balmain,Bronzer,2966511,53,0.0,-100.0,0.0,0.0
Bobbi Brown,Lipstick,3099098,43,0.0,-100.0,0.0,0.0
